date,temperatur_max,temperatur_min,temperatur_mean,precipitation_sum,wind_speed_max,wind_direction_dominant
2023-01-01,20.535,8.485001,13.216251,0.0,9.36,336.32022
2023-01-02,19.335,7.085,12.426665,0.0,10.538843,337.59012
2023-01-03,18.984999,6.935,11.71,0.0,8.404285,322.76508
2023-01-04,17.635,4.985,10.289168,0.0,10.009036,295.5976
2023-01-05,16.885,4.285,9.318334,0.0,9.585739,298.17456
2023-01-06,15.885,4.435,8.601666,0.0,12.0694,292.4828
2023-01-07,17.185,4.685,9.134999,0.0,11.928989,277.3429
2023-01-08,17.885,4.285,10.332916,0.0,8.404285,283.92355
2023-01-09,18.385,6.085,10.676666,0.0,10.390226,291.4868
2023-01-10,20.085,7.085,11.7975,0.0,11.5199995,279.61786
2023-01-11,19.285,6.1349998,11.137084,0.0,9.178235,75.03778
2023-01-12,19.734999,6.435,12.991249,0.2,9.227524,98.31754
2023-01-13,20.835,10.085,14.976666,4.9,16.29174,92.772385
2023-01-14,21.085,9.385,14.812084,0.0,15.124284,289.44012
2023-01-15,16.785,5.735,10.759999,0.0,16.343367,275.50922
2023-01-16,16.335,4.985,9.993335,0.0,9.227524,283.28162
2023-01-17,17.085,4.835,10.178749,0.0,10.144082,290.31567
2023-01-18,17.635,4.735,10.495417,0.0,9.983106,292.47943
2023-01-19,18.685,4.935,12.878749,0.0,8.64,313.64685
2023-01-20,20.484999,8.085,14.11625,0.1,9.3669195,89.225815
2023-01-21,22.385,8.635,15.405834,0.0,10.495713,348.5461
2023-01-22,21.285,10.035001,15.343333,0.0,9.686609,330.25522
2023-01-23,23.135,11.385,17.666248,0.0,15.629972,322.95068
2023-01-24,24.385,14.535001,18.589163,0.0,11.304229,66.29965
2023-01-25,22.285,13.785001,17.232916,9.000001,18.11841,19.106434
2023-01-26,23.535,13.285001,17.91625,0.0,15.2947035,294.68652
2023-01-27,21.484999,9.835,15.3620825,0.0,15.978486,279.4264
2023-01-28,21.035,9.435,14.118333,0.0,10.823973,272.86234
2023-01-29,21.484999,6.435,14.120416,0.0,8.404285,70.833565
2023-01-30,22.885,10.335,16.270414,0.0,19.586119,334.8643
2023-01-31,23.135,11.985001,16.941248,0.0,18.388212,290.4905
2023-02-01,21.435,10.435,15.147502,0.0,17.418196,270.56726
2023-02-02,21.234999,9.985001,14.387085,0.0,12.287555,269.26312
2023-02-03,22.335,10.735001,15.670418,0.0,14.81259,286.04794
2023-02-04,23.734999,10.885,16.849583,0.0,16.854767,276.41492
2023-02-05,24.135,10.235001,16.3975,0.0,12.72283,276.37018
2023-02-06,25.135,10.135,17.332918,0.0,10.829958,291.6023
2023-02-07,26.635,12.285001,18.955833,0.0,17.309973,284.5992
2023-02-08,23.885,11.085,16.972498,0.0,19.191748,280.3442
2023-02-09,25.085,10.635,18.06833,0.0,12.413476,274.88107
2023-02-10,27.484999,10.885,19.441248,0.0,10.182337,153.761
2023-02-11,29.085,13.185,20.945415,0.0,16.1198,290.14697
2023-02-12,25.035,13.485001,18.6225,0.0,28.220419,290.1254
2023-02-13,21.935,10.835,16.099583,0.0,27.952787,277.65634
2023-02-14,22.585,9.485001,15.355832,0.0,14.186923,300.2283
2023-02-15,24.385,9.435,16.799583,0.0,9.19939,344.81412
2023-02-16,25.984999,11.385,19.512083,0.0,8.404285,77.65516
2023-02-17,27.185,12.685,20.432915,0.0,9.19939,181.90906
2023-02-18,27.535,15.085,20.793331,0.0,8.766573,260.97556
2023-02-19,28.535,14.785001,21.330832,0.0,10.315115,280.0606
2023-02-20,30.835,14.635,22.4975,0.0,10.195057,227.36952
2023-02-21,30.935,15.835,22.86,0.0,12.594856,182.36479
2023-02-22,31.835,16.285,23.170412,0.0,19.228851,311.8651
2023-02-23,30.935,14.635,22.172503,0.0,21.603,287.29715
2023-02-24,29.535,13.485001,21.089167,0.0,15.978486,283.84915
2023-02-25,29.635,13.385,21.330832,0.0,9.793058,333.58902
2023-02-26,30.685,16.635,22.553751,0.0,10.233123,308.34888
2023-02-27,31.135,15.685,22.764166,0.0,18.504139,304.5715
2023-02-28,31.885,15.535001,23.264166,0.0,16.563911,295.03116
2023-03-01,31.885,16.035,23.557915,0.0,15.778516,312.00513
2023-03-02,32.585003,18.285,25.018335,0.0,19.022177,292.57043
2023-03-03,33.035,19.535,25.807915,0.0,24.27265,293.0984
2023-03-04,32.835003,19.234999,25.605833,0.0,21.385939,297.56226
2023-03-05,32.535,18.335,24.753746,0.0,21.53089,282.90607
2023-03-06,31.335,16.835,23.982912,0.0,21.924562,294.87576
2023-03-07,31.685,16.234999,24.39125,0.0,16.08761,273.4521
2023-03-08,30.685,17.734999,23.185,3.2,22.961115,149.9466
2023-03-09,29.935,15.985,21.6975,2.6,20.12461,293.3383
2023-03-10,30.234999,16.335,23.553751,0.0,7.9932976,290.72116
2023-03-11,30.984999,15.435,24.272497,0.0,9.028754,293.91235
2023-03-12,31.085,17.085,24.426666,0.0,9.3669195,313.9521
2023-03-13,32.535,18.835,25.534996,0.0,13.684735,338.33875
2023-03-14,33.235,17.185,25.03083,0.0,25.420181,275.07663
2023-03-15,33.535,17.585,25.90375,0.0,15.876775,324.52454
2023-03-16,32.935,19.635,25.809998,0.0,21.96,174.28944
2023-03-17,30.935,17.835,22.939165,0.3,21.413193,115.72557
2023-03-18,28.335,16.734999,21.945414,5.7000003,14.84318,93.23497
2023-03-19,29.285,16.585,22.712082,5.8,10.233123,102.390854
2023-03-20,24.835,17.035,19.749582,17.800001,13.905509,97.17422
2023-03-21,24.935,14.935,19.357916,16.9,17.782688,107.89057
2023-03-22,26.685,14.935,21.097498,0.0,14.587776,295.76926
2023-03-23,29.234999,15.835,22.316252,0.0,19.770523,281.98538
2023-03-24,31.135,18.085,23.922499,0.3,18.25026,55.55176
2023-03-25,30.185,18.335,24.10167,0.5,22.206486,59.110783
2023-03-26,31.185,18.285,24.359999,0.0,18.681883,302.47116
2023-03-27,31.234999,17.785,23.974585,0.0,24.95452,292.06287
2023-03-28,31.585,17.135,24.307915,0.0,19.829433,304.21576
2023-03-29,33.285,17.685,25.880835,0.0,13.830749,325.0079
2023-03-30,34.385002,18.234999,27.053747,1.6,25.671307,264.91595
2023-03-31,30.635,17.135,22.887083,7.2999997,21.94524,117.474335
2023-04-01,27.835,16.935,21.74125,2.6,19.592731,323.13016
2023-04-02,30.035,17.135,23.982912,0.0,22.476227,294.78033
2023-04-03,33.385002,18.085,26.164167,0.0,22.66857,301.84467
2023-04-04,33.135002,19.135,25.749582,0.4,20.5484,294.97388
2023-04-05,33.385002,16.935,25.301664,0.0,21.485697,306.35272
2023-04-06,34.035,17.385,26.289167,0.0,18.472595,300.7057
2023-04-07,34.785,18.535,26.293333,0.0,22.406927,303.76462
2023-04-08,35.285,18.484999,27.457916,0.0,15.277749,312.85345
2023-04-09,36.335003,18.785,27.766249,0.0,20.65848,309.9243
2023-04-10,35.885002,18.885,27.49125,0.0,21.67786,299.5583
2023-04-11,36.585003,19.085,28.75583,0.0,24.696104,291.3966
2023-04-12,38.685,21.885,30.957916,0.0,25.683926,303.00803
2023-04-13,39.085003,22.685,31.247498,0.0,25.671307,294.25073
2023-04-14,39.485,22.385,31.43708,0.0,19.61587,288.43503
2023-04-15,39.485,22.185,31.797499,0.0,13.722565,211.64763
2023-04-16,41.285,23.685,32.095417,0.0,20.65848,291.23578
2023-04-17,41.585003,23.685,32.724583,0.0,25.38702,283.9983
2023-04-18,41.935,23.484999,33.60583,0.0,19.95972,282.46658
2023-04-19,42.035,25.984999,34.199585,0.0,22.881958,306.12222
2023-04-20,40.235,25.484999,32.885002,0.0,19.652176,288.46402
2023-04-21,35.235,22.085,29.141245,0.0,18.892282,17.07575
2023-04-22,36.235,21.685,29.174583,0.0,17.581125,287.4299
2023-04-23,34.935,21.035,28.272493,2.8,29.568253,248.25179
2023-04-24,29.885,19.535,24.495415,0.6,30.351225,54.609947
2023-04-25,32.785,18.035,26.728752,0.0,10.538843,53.0069
2023-04-26,34.235,21.734999,28.247498,0.0,10.538843,289.39215
2023-04-27,35.935,21.835,29.328756,0.0,14.081477,259.2756
2023-04-28,36.635002,21.785,28.705832,0.0,27.248455,291.65237
2023-04-29,34.885002,23.984999,28.99958,0.0,15.986593,262.17944
2023-04-30,29.685,20.234999,24.195417,13.5,15.137133,153.67676
2023-05-01,27.234999,19.685,23.1225,5.3,20.870687,123.01983
2023-05-02,29.335,20.135,24.757914,0.6,9.605998,82.58546
2023-05-03,29.385,20.335,24.141249,7.5,10.948973,73.25619
2023-05-04,29.285,20.385,24.828745,0.1,7.968939,324.69855
2023-05-05,32.535,20.984999,26.770416,0.0,16.075521,299.60654
2023-05-06,35.335003,22.085,28.916252,0.0,20.94507,289.028
2023-05-07,36.785,22.484999,29.4475,0.0,19.586119,293.03683
2023-05-08,35.835003,21.935,29.42875,0.0,16.923828,5.9138556
2023-05-09,38.785,23.185,30.487082,0.0,22.415602,293.7284
2023-05-10,37.085003,20.734999,28.689165,0.0,18.899143,295.8235
2023-05-11,38.035,21.734999,29.66208,0.0,17.148247,293.82245
2023-05-12,38.735,21.984999,31.003748,0.0,11.525623,89.99999
2023-05-13,38.835003,22.885,31.041254,0.0,11.808878,71.710754
2023-05-14,41.435,23.685,32.16625,0.0,36.361782,348.0171
2023-05-15,40.385002,24.135,31.72042,0.0,20.037485,242.511
2023-05-16,40.535,23.234999,32.91833,0.0,28.220417,288.91217
2023-05-17,41.485,25.984999,33.664165,0.0,20.431387,347.37177
2023-05-18,40.985,26.035,33.951668,0.0,23.277834,302.3857
2023-05-19,40.585003,26.135,33.007915,0.0,25.11758,294.02646
2023-05-20,41.335003,25.185,33.295418,0.0,24.387178,285.3943
2023-05-21,43.785,24.835,34.368336,0.0,23.507753,231.1465
2023-05-22,42.535,26.785,33.72875,0.5,24.149532,94.75459
2023-05-23,42.885002,28.385,34.730835,0.0,23.185787,106.36873
2023-05-24,38.835003,26.585,32.2975,0.5,24.967499,79.12332
2023-05-25,32.385002,24.035,27.797499,3.0,14.934577,73.185234
2023-05-26,31.035,22.335,25.807915,12.5,17.49615,162.51193
2023-05-27,35.285,22.484999,28.307917,0.1,12.768586,194.44058
2023-05-28,34.685,22.135,28.534998,0.0,7.729527,71.20385
2023-05-29,35.835003,23.285,29.803751,1.4,25.567604,122.69201
2023-05-30,37.435,24.635,31.266249,0.1,15.580141,281.5006
2023-05-31,36.835003,25.385,31.324583,0.0,17.283749,278.9044
2023-06-01,37.185,25.385,31.207918,0.0,20.176065,303.32413
2023-06-02,37.335003,25.484999,31.509996,0.0,19.523155,296.49924
2023-06-03,38.535,24.085,31.4975,0.0,16.87398,307.18964
2023-06-04,39.985,24.585,33.295414,0.0,22.33161,297.72336
2023-06-05,36.735,25.635,31.095415,0.3,14.113652,294.04236
2023-06-06,38.585003,25.984999,32.96,0.3,16.78156,324.79916
2023-06-07,40.535,26.435,33.947502,0.0,16.575644,311.58893
2023-06-08,41.485,26.335,34.285004,0.0,24.464113,300.46216
2023-06-09,41.335003,26.185,34.764164,0.0,23.0653,288.99127
2023-06-10,41.985,28.335,35.832916,0.0,18.584509,294.14804
2023-06-11,42.035,30.635,36.430832,0.0,26.081993,295.40903
2023-06-12,41.385002,31.085,36.643333,0.0,27.66384,295.9221
2023-06-13,42.535,31.885,38.06625,0.0,33.35784,288.33838
2023-06-14,42.135002,33.535,37.77875,0.0,36.719997,285.4798
2023-06-15,40.485,31.234999,36.27042,0.0,37.77256,286.8376
2023-06-16,41.835003,31.484999,36.380833,0.0,28.594517,285.19415
2023-06-17,41.435,31.585,36.40583,0.2,21.868332,288.19122
2023-06-18,42.035,32.035,36.791245,0.0,19.995398,279.59415
2023-06-19,41.235,29.135,35.314167,0.7,20.957443,239.50317
2023-06-20,35.885002,27.285,31.5225,5.7,22.668568,167.84634
2023-06-21,31.885,26.435,28.587076,11.800001,22.366402,160.96042
2023-06-22,35.835003,26.585,30.32875,11.300001,24.985659,141.10004
2023-06-23,36.235,28.234999,31.964163,1.1,16.267857,107.31278
2023-06-24,35.385002,26.685,30.066252,21.7,16.071491,85.94772
2023-06-25,34.885002,25.385,30.149588,16.1,14.618837,73.44586
2023-06-26,34.885002,27.285,31.026665,2.3999999,15.226764,52.291344
2023-06-27,35.935,28.035,32.047497,0.1,22.148045,84.41465
2023-06-28,33.685,25.835,29.868334,2.2,23.491207,89.340096
2023-06-29,31.885,24.984999,28.16416,11.7,19.523155,88.69806
2023-06-30,30.685,24.685,26.922495,31.8,14.480773,134.82372
2023-07-01,31.484999,25.535,27.49542,39.8,13.18308,157.22675
2023-07-02,31.585,25.785,27.922499,5.1,9.107359,94.56594
2023-07-03,32.935,26.085,29.30166,2.7999997,11.928989,92.37549
2023-07-04,32.685,24.635,27.907913,12.5,16.418526,89.71162
2023-07-05,31.885,25.785,28.514166,15.900001,19.174856,99.52508
2023-07-06,32.535,25.734999,28.984999,12.4,18.584509,84.63296
2023-07-07,33.235,25.535,28.841248,12.8,19.134262,90.86895
2023-07-08,32.985,26.185,28.528748,9.9,24.33664,111.26944
2023-07-09,32.835003,25.885,29.009996,40.600002,15.9134655,120.28717
2023-07-10,33.685,26.085,29.180834,19.600002,14.113653,130.07646
2023-07-11,33.485,25.835,29.239164,13.7,11.841756,119.995
2023-07-12,32.185,26.234999,28.074585,24.600002,13.910169,111.84548
2023-07-13,32.485,26.234999,28.391249,44.699997,14.799459,99.79377
2023-07-14,32.435,25.484999,28.791246,28.5,10.464797,113.2978
2023-07-15,32.035,25.734999,27.651667,15.500001,11.966953,120.20882
2023-07-16,33.185,25.734999,29.430832,2.6999998,10.1887,112.94722
2023-07-17,33.285,27.484999,30.284998,0.5,16.263872,90.87281
2023-07-18,33.235,27.234999,29.864164,3.2,20.724247,85.030334
2023-07-19,34.135002,28.035,30.735003,1.1,15.328561,75.983536
2023-07-20,35.335003,28.335,31.903753,0.0,15.876775,78.321236
2023-07-21,35.635002,28.984999,32.26,0.1,20.892412,89.56592
2023-07-22,34.235,28.785,31.11416,2.1,22.91026,91.17194
2023-07-23,34.185,28.185,31.185,0.5,22.19773,94.548515
2023-07-24,34.135002,26.035,30.212082,33.200005,14.689589,99.54903
2023-07-25,32.935,26.635,29.087084,10.400001,14.440443,87.89663
2023-07-26,33.985,26.685,29.77875,6.1,11.27553,58.646534
2023-07-27,34.435,27.234999,30.395418,1.1,14.113653,64.311874
2023-07-28,33.785,25.885,29.966248,17.300001,15.141414,314.99988
2023-07-29,32.685,26.734999,28.776665,12.9,12.324414,271.25623
2023-07-30,32.735,25.984999,29.174582,2.4,14.81259,255.1503
2023-07-31,33.385002,26.685,29.568336,2.8999999,11.570515,278.60046
2023-08-01,33.235,26.185,29.441248,19.000002,15.226764,270.12646
2023-08-02,32.535,27.335,29.116255,8.399999,13.53236,322.6296
2023-08-03,32.135002,26.785,29.628746,4.2,17.651016,53.14838
2023-08-04,31.635,25.685,28.2975,15.4,16.575644,73.10741
2023-08-05,33.085003,26.385,28.999582,5.1000004,10.630672,351.776
2023-08-06,31.885,26.385,29.055834,11.100001,17.731598,259.7359
2023-08-07,32.835003,26.835,29.557913,0.8,19.734436,262.33762
2023-08-08,33.085003,27.185,29.501663,0.90000004,21.841648,264.11206
2023-08-09,30.885,26.984999,28.920416,4.3999996,15.807239,270.682
2023-08-10,31.535,26.885,29.12458,0.0,13.363711,273.12204
2023-08-11,33.535,27.385,30.31,0.0,15.815435,269.99997
2023-08-12,34.035,27.835,30.307915,0.0,22.366402,260.49225
2023-08-13,31.635,26.335,28.893333,1.2,15.716793,226.53699
2023-08-14,31.685,25.435,27.951668,1.2,8.373386,265.23636
2023-08-15,32.935,25.734999,29.447496,1.2,9.983106,269.99997
2023-08-16,34.185,27.085,30.470419,0.5,14.205182,263.35562
2023-08-17,33.485,25.935,29.237082,13.699999,9.107359,243.66931
2023-08-18,33.585003,26.984999,29.79125,1.4000001,10.948973,88.6574
2023-08-19,33.585003,27.285,29.99125,4.4,15.986595,82.87508
2023-08-20,33.985,27.234999,30.393333,0.4,20.056877,101.24986
2023-08-21,33.735,27.335,30.301666,1.4,10.495713,95.82336
2023-08-22,30.234999,25.685,27.672499,19.2,10.966713,154.43037
2023-08-23,31.835,25.185,27.570412,23.6,15.990646,233.23552
2023-08-24,29.785,25.285,27.016249,21.7,24.119999,257.98407
2023-08-25,33.185,24.785,28.909996,0.8,18.0036,268.03323
2023-08-26,33.185,26.234999,29.56833,0.0,20.523155,266.90292
2023-08-27,33.635002,25.935,29.407915,0.0,23.675303,263.91486
2023-08-28,32.435,24.635,28.495415,1.1,23.023119,261.40195
2023-08-29,32.835003,24.285,28.484999,8.6,17.873556,256.77066
2023-08-30,33.685,26.035,29.418335,0.2,13.397612,268.23373
2023-08-31,34.585003,26.285,29.993332,0.2,12.57426,275.85287
2023-09-01,34.935,27.135,30.795424,0.1,15.042659,279.43198
2023-09-02,35.735,26.035,30.882914,0.0,21.980644,279.25153
2023-09-03,35.785,26.484999,30.626665,0.0,17.068707,292.21896
2023-09-04,34.435,26.535,30.44542,0.0,8.707238,49.28923
2023-09-05,32.635002,27.135,29.770418,2.8,21.611998,77.43939
2023-09-06,32.535,26.135,29.397497,0.0,14.77755,22.030806
2023-09-07,31.585,26.385,28.539167,5.2000003,14.003029,63.600727
2023-09-08,32.635002,24.635,27.71625,18.5,22.89611,82.27146
2023-09-09,30.234999,24.734999,27.105833,33.4,23.400002,96.78051
2023-09-10,29.585,25.435,27.44542,36.100002,18.175545,98.89302
2023-09-11,30.185,24.984999,26.720413,25.800001,16.394829,110.21426
2023-09-12,31.035,25.234999,27.893333,1.9,11.177405,97.95302
2023-09-13,32.885002,25.335,29.341253,1.7,6.849467,62.203068
2023-09-14,33.485,27.335,29.6725,2.0,13.276144,64.8852
2023-09-15,33.235,27.984999,30.224586,0.1,23.770906,83.24901
2023-09-16,31.535,25.935,28.487083,3.1000001,24.569832,102.69749
2023-09-17,32.385002,25.835,28.824585,0.4,16.575644,126.06855
2023-09-18,32.235,25.484999,28.407915,5.6,11.183201,159.00394
2023-09-19,32.485,25.835,28.707918,7.2999997,11.113451,82.6478
2023-09-20,32.585003,25.385,28.835,0.2,7.729527,87.75031
2023-09-21,32.185,24.085,28.466248,2.8000002,13.339445,81.43922
2023-09-22,31.135,24.535,27.745415,0.8000001,12.245294,69.68094
2023-09-23,31.135,24.585,27.234999,0.5,12.620554,57.402184
2023-09-24,32.035,23.535,27.630835,1.5,15.617529,40.100834
2023-09-25,31.085,24.135,27.482918,0.0,9.085988,57.09474
2023-09-26,31.635,24.285,27.895414,0.2,15.94601,51.649742
2023-09-27,32.885002,24.734999,28.78708,0.0,6.28713,324.18378
2023-09-28,33.035,24.385,28.251665,4.2,6.28713,230.79279
2023-09-29,34.035,24.734999,29.007921,0.0,6.9153743,315.14804
2023-09-30,33.685,24.885,29.097504,0.0,12.074766,14.436005
2023-10-01,33.085003,24.785,28.585,0.0,9.885262,30.60634
2023-10-02,30.835,24.935,27.074583,19.1,11.525623,7.5120516
2023-10-03,32.135002,23.785,27.401663,0.5,6.989936,42.37086
2023-10-04,31.285,24.085,26.843332,1.3000001,16.055353,18.618662
2023-10-05,31.385,22.685,27.047499,0.0,9.19939,56.032455
2023-10-06,32.885002,23.035,27.49333,0.0,8.049845,269.20428
2023-10-07,33.085003,22.885,27.949585,0.0,9.339208,249.78531
2023-10-08,34.785,23.635,28.553751,0.0,14.658676,266.3758
2023-10-09,35.135002,24.885,29.21417,0.0,18.709612,269.9077
2023-10-10,35.335003,23.035,28.478745,0.0,14.021525,273.12836
2023-10-11,34.635002,20.484999,27.50167,0.0,13.891522,295.2084
2023-10-12,33.935,20.635,26.699585,0.0,14.81259,309.0293
2023-10-13,33.385002,20.185,26.510002,0.0,11.019764,288.64954
2023-10-14,34.485,21.285,27.289162,0.0,15.141414,271.8433
2023-10-15,35.335003,21.234999,27.620417,0.0,16.92383,282.21436
2023-10-16,33.635002,19.885,25.526667,6.7,14.264361,101.25063
2023-10-17,29.635,20.135,24.005835,0.0,9.605998,307.66562
2023-10-18,30.435,19.185,24.218332,0.0,11.298495,291.31537
2023-10-19,30.435,18.935,23.782913,0.0,11.384198,299.65308
2023-10-20,30.035,17.984999,23.810003,0.0,11.200571,322.45697
2023-10-21,30.285,18.535,23.816248,0.0,8.759178,48.221153
2023-10-22,30.385,18.734999,24.143332,0.0,9.449572,341.98517
2023-10-23,30.984999,18.635,24.501669,0.0,8.557102,352.90012
2023-10-24,30.335,18.685,23.974585,0.0,8.373386,1.1934301
2023-10-25,30.335,18.585,24.341248,0.0,8.707237,297.23895
2023-10-26,31.234999,18.135,23.94333,0.0,11.659777,283.66324
2023-10-27,31.335,16.885,23.628748,0.0,9.449572,263.08884
2023-10-28,31.085,16.585,24.61416,0.0,7.8954163,312.27362
2023-10-29,30.535,18.285,24.464167,0.0,9.605998,310.02997
2023-10-30,30.285,17.335,23.847498,0.0,7.9932966,50.710617
2023-10-31,30.234999,17.984999,24.016249,0.0,9.826088,71.778755
2023-11-01,30.385,18.685,24.962082,0.0,9.227524,21.745974
2023-11-02,30.035,18.585,23.864166,0.0,8.707237,282.83066
2023-11-03,30.135,18.185,23.607912,0.0,9.565437,282.78464
2023-11-04,30.335,17.885,23.914162,0.0,11.525623,286.95358
2023-11-05,30.085,17.785,23.291246,0.0,12.24,304.90747
2023-11-06,30.035,16.385,22.655832,0.0,9.19939,331.2449
2023-11-07,29.585,16.484999,23.347502,0.0,11.212135,299.56494
2023-11-08,30.335,16.635,23.239166,0.0,11.901798,278.69693
2023-11-09,30.935,17.685,23.451666,0.0,14.654254,276.7177
2023-11-10,29.484999,17.935,23.353746,0.5,10.009036,343.0446
2023-11-11,26.984999,17.234999,21.539164,1.8000001,13.397612,294.65585
2023-11-12,27.585,15.385,21.066248,0.0,9.220499,323.17703
2023-11-13,27.535,15.135,21.54125,0.0,9.3669195,323.16595
2023-11-14,26.935,15.085,21.180834,0.0,8.654987,298.78653
2023-11-15,27.234999,14.735001,20.289167,0.0,9.178235,327.78757
2023-11-16,27.435,14.535001,21.145414,0.0,9.449572,60.832493
2023-11-17,27.785,15.535001,21.19333,0.0,9.178235,295.812
2023-11-18,27.585,15.035001,20.512083,0.0,8.534353,302.07993
2023-11-19,28.085,14.785001,21.71833,0.0,8.4963045,20.277264
2023-11-20,27.685,15.285001,20.434996,0.0,11.27553,311.3357
2023-11-21,26.785,15.185,20.26208,0.0,14.332341,286.7827
2023-11-22,26.085,13.485001,19.068336,0.0,10.829959,282.58768
2023-11-23,25.585,12.985001,19.335,0.0,8.049845,341.0888
2023-11-24,26.185,13.135,19.059996,0.0,9.693296,329.43802
2023-11-25,26.484999,13.185,20.182915,0.0,10.086427,327.81326
2023-11-26,27.085,13.635,20.52458,0.0,9.007196,97.52373
2023-11-27,23.335,14.935,19.034998,0.1,10.365251,107.062935
2023-11-28,26.635,14.435,20.484999,0.0,10.464797,102.71534
2023-11-29,26.835,16.185,20.941248,1.4,9.290511,95.88231
2023-11-30,24.635,16.234999,19.707914,1.6000001,11.792404,126.687386
2023-12-01,25.935,15.335,20.859997,0.0,7.2805495,44.696857
2023-12-02,26.585,15.385,20.716248,0.0,9.007196,356.86658
2023-12-03,27.984999,15.485001,21.993334,0.0,11.609651,333.435
2023-12-04,22.984999,15.385,18.52875,9.099999,17.873556,8.595839
2023-12-05,22.185,14.385,18.032915,1.1,8.4042845,307.95428
2023-12-06,25.885,14.035001,20.155834,0.0,7.0911775,35.93591
2023-12-07,25.385,14.335,19.626665,0.0,7.9932976,313.29385
2023-12-08,25.335,13.735001,19.049583,0.0,11.988594,284.23065
2023-12-09,24.135,12.885,17.516249,0.0,15.94601,286.55933
2023-12-10,23.135,10.835,16.157917,0.0,17.418196,281.03088
2023-12-11,22.635,10.135,15.230831,0.0,9.779817,306.75937
2023-12-12,22.535,9.735001,15.128749,0.0,11.440978,311.05804
2023-12-13,22.885,9.385,15.753751,0.0,13.891522,287.13788
2023-12-14,23.234999,9.085,15.072501,0.0,15.745627,276.33035
2023-12-15,22.585,8.735001,14.568333,0.0,10.464797,288.50385
2023-12-16,22.685,8.585,14.828748,0.0,11.770403,298.0593
2023-12-17,22.234999,7.6349998,14.416248,0.0,11.113451,302.45447
2023-12-18,22.035,9.135,14.8975,0.0,16.595179,287.52563
2023-12-19,21.484999,9.135,14.09125,0.0,10.703569,276.97046
2023-12-20,21.535,8.385,14.441249,0.0,9.504273,294.53
2023-12-21,21.035,8.885,14.462085,0.0,9.0,276.48294
2023-12-22,21.585,9.835,15.374583,0.0,10.009036,16.626282
2023-12-23,23.185,10.185,16.15375,0.0,14.512064,48.589626
2023-12-24,24.335,10.485001,16.589169,0.0,9.957108,317.02814
2023-12-25,23.685,10.535001,16.143333,0.0,9.686609,294.28577
2023-12-26,23.734999,10.235001,16.643335,0.0,10.086427,290.92007
2023-12-27,23.285,9.535001,15.472501,0.0,9.693296,289.76724
2023-12-28,21.885,8.835,14.572499,0.0,9.007196,328.35233
2023-12-29,21.635,8.035001,13.889167,0.0,9.83268,316.6917
2023-12-30,20.734999,6.185,12.44125,0.0,9.422101,287.47217
2023-12-31,19.335,6.735,12.130834,0.0,9.0,358.5856
2024-01-01,20.435,7.985,14.737083,0.0,7.145796,325.8855
2024-01-02,19.035,8.035001,12.755834,0.0,8.905908,337.64304
2024-01-03,19.435,9.385,14.151665,0.3,8.350138,7.093566
2024-01-04,21.035,10.935,14.834999,9.900001,9.659814,299.56647
2024-01-05,21.135,10.785001,14.8204155,0.0,8.557102,329.64996
2024-01-06,20.135,10.035001,14.61625,2.2,8.854829,317.81558
2024-01-07,20.385,9.035001,14.28083,0.0,8.557102,317.399
2024-01-08,20.335,8.285001,13.201667,0.0,9.793059,309.44168
2024-01-09,21.185,8.285001,14.232915,1.2,10.948973,307.03207
2024-01-10,19.635,7.785,12.634999,0.0,15.484185,275.71872
2024-01-11,18.535,6.035,11.176667,0.0,10.308831,282.3194
2024-01-12,17.734999,5.8849998,10.410001,0.0,10.009036,296.45972
2024-01-13,19.035,5.785,11.42875,0.0,9.885262,290.85974
2024-01-14,19.335,5.285,11.389164,0.0,10.308831,301.1592
2024-01-15,18.285,4.8849998,10.5808325,0.0,9.779817,280.6848
2024-01-16,17.984999,5.1349998,11.220416,0.0,4.2136917,51.911175
2024-01-17,17.484999,5.985,10.260001,0.0,10.787993,59.03632
2024-01-18,17.135,5.485,10.555833,0.0,8.942214,336.1342
2024-01-19,16.885,4.685,10.95375,0.0,9.178235,352.8751
2024-01-20,17.335,5.1349998,10.137082,0.0,8.557102,291.10757
2024-01-21,17.484999,5.585,10.168333,0.0,12.324414,259.57266
2024-01-22,17.385,5.335,10.180835,0.0,10.829959,310.7226
2024-01-23,17.435,4.585,9.801667,0.0,10.8955765,288.12384
2024-01-24,18.285,6.035,10.639167,0.0,10.365251,291.80145
2024-01-25,18.785,6.585,11.239166,0.0,9.449572,271.14246
2024-01-26,18.984999,5.535,11.495418,0.0,9.114471,278.75693
2024-01-27,20.185,7.485,12.705833,0.0,13.441071,247.39519
2024-01-28,20.685,6.785,13.530833,0.0,8.14587,87.94729
2024-01-29,21.585,7.935,14.464168,0.0,9.085988,48.12714
2024-01-30,21.685,9.135,15.803748,0.0,6.9527545,271.33215
2024-01-31,22.335,9.685,15.876666,0.0,8.654986,120.04985
2024-02-01,21.835,9.335,15.524583,0.3,13.797912,64.14295
2024-02-02,21.484999,9.235001,15.407916,0.0,18.0,294.05392
2024-02-03,22.685,10.385,16.4975,0.0,19.110542,271.00397
2024-02-04,20.135,12.885,15.678752,38.000004,12.303366,67.23997
2024-02-05,20.635,11.485001,15.70375,2.5,8.669949,26.016727
2024-02-06,20.585,9.135,14.287083,0.0,15.716793,283.26514
2024-02-07,20.585,8.785001,14.424583,0.0,18.775301,282.23956
2024-02-08,19.585,8.235001,13.670415,0.0,24.336637,276.6287
2024-02-09,20.035,6.685,13.670415,0.0,9.028754,327.74203
2024-02-10,20.935,7.435,13.6745825,0.0,10.787993,302.84036
2024-02-11,21.835,7.335,14.455831,0.0,11.019764,305.21765
2024-02-12,23.484999,7.6349998,17.11,0.2,10.483357,61.31066
2024-02-13,24.685,12.135,18.743334,0.0,9.422101,84.17702
2024-02-14,23.585,12.285001,17.71625,0.0,9.114471,102.46282
2024-02-15,24.835,11.735001,18.124582,0.0,9.178235,291.56445
2024-02-16,25.035,11.535001,18.068333,0.0,10.365251,292.25998
2024-02-17,24.335,10.835,16.955835,0.0,16.171976,280.12463
2024-02-18,25.734999,10.285001,18.641249,0.0,11.043261,141.22095
2024-02-19,26.785,13.485001,20.299583,0.0,18.0,106.58458
2024-02-20,26.935,14.335,20.847498,0.6,10.883676,200.48705
2024-02-21,26.185,13.485001,19.70375,1.3000001,13.513193,264.4447
2024-02-22,24.935,11.135,17.643332,0.0,19.376562,315.13263
2024-02-23,24.734999,10.135,16.539167,0.0,13.854155,306.1075
2024-02-24,24.635,9.835,17.268333,0.0,10.739832,350.0038
2024-02-25,25.435,11.535001,18.118334,0.0,14.05845,335.17688
2024-02-26,25.085,12.135,18.86208,0.0,11.165805,293.31488
2024-02-27,25.984999,14.085,18.995419,0.0,11.753877,293.8338
2024-02-28,25.685,13.385,18.79125,0.0,21.566975,286.02103
2024-02-29,26.635,13.085,18.91833,0.0,14.417988,272.318
2024-03-01,28.285,12.785001,21.293331,0.0,10.163227,287.71588
2024-03-02,24.585,17.234999,20.359997,12.5,17.771753,104.54872
2024-03-03,22.935,15.685,18.822496,10.9,16.29174,117.46365
2024-03-04,24.984999,12.935,18.501663,3.6999998,12.074766,300.4715
2024-03-05,22.984999,10.985001,16.370415,0.0,20.188908,293.2999
2024-03-06,23.285,10.585,16.460001,0.0,16.766108,288.77814
2024-03-07,24.685,10.385,18.218332,0.0,16.394829,287.3089
2024-03-08,26.484999,13.085,19.349585,0.0,18.556595,287.26993
2024-03-09,26.085,12.735001,18.768332,0.0,19.211996,273.99597
2024-03-10,26.085,12.085,19.676666,0.0,9.565437,301.9306
2024-03-11,28.585,13.685,20.920416,0.0,9.6932955,296.65994
2024-03-12,31.085,14.985001,22.807917,0.0,19.011953,293.7167
2024-03-13,30.785,15.435,22.924582,0.0,12.72283,321.99295
2024-03-14,30.935,16.685,23.476664,0.0,12.864649,325.52606
2024-03-15,29.685,15.535001,22.322496,0.0,16.954432,304.46735
2024-03-16,28.685,12.835,20.678747,0.0,10.30883,287.49863
2024-03-17,28.885,12.035001,21.347498,0.0,9.422101,292.71124
2024-03-18,27.984999,13.685,21.66208,0.0,11.298495,281.73074
2024-03-19,28.885,14.185,22.132914,0.0,10.446206,315.1429
2024-03-20,30.385,13.785001,22.470415,0.0,21.868332,100.014626
2024-03-21,27.935,15.935,21.682915,0.0,15.0038395,102.06707
2024-03-22,30.234999,15.485001,23.226662,0.0,11.928989,203.72363
2024-03-23,33.485,16.734999,25.037086,0.0,21.30093,293.86017
2024-03-24,33.835003,17.085,25.878748,0.0,12.538134,315.4102
2024-03-25,33.935,18.185,25.787085,0.0,16.923828,296.35526
2024-03-26,33.585003,17.435,25.826668,0.0,18.03237,280.64816
2024-03-27,34.785,17.785,26.641249,0.0,13.70839,297.57895
2024-03-28,34.885002,20.085,27.437082,0.0,11.874544,93.03667
2024-03-29,34.985,21.785,28.884996,0.0,14.830076,71.45408
2024-03-30,37.735,21.535,28.160002,0.3,30.312773,86.18595
2024-03-31,37.535,20.935,29.287085,0.0,21.461555,282.3572
2024-04-01,34.935,20.135,27.93708,0.0,27.691935,300.48453
2024-04-02,34.435,18.835,26.9225,0.0,22.26477,287.7796
2024-04-03,36.335003,18.935,28.159994,0.0,18.581022,307.6151
2024-04-04,37.935,19.984999,29.866247,0.0,13.849477,311.62518
2024-04-05,37.985,21.635,30.282915,0.0,17.87718,297.5462
2024-04-06,36.135002,22.734999,28.79125,0.0,15.696165,299.01837
2024-04-07,36.885002,19.535,28.253748,0.0,19.829433,307.7491
2024-04-08,37.535,18.984999,28.662085,0.0,21.166653,295.36734
2024-04-09,38.335003,19.835,29.201666,0.0,15.815435,256.25507
2024-04-10,38.485,21.285,29.851664,0.0,15.629971,294.73788
2024-04-11,37.985,21.234999,29.743334,0.0,12.144331,269.4032
2024-04-12,38.235,21.785,30.672499,0.0,15.281989,238.52322
2024-04-13,36.835003,24.035,30.320417,0.0,9.504272,208.36894
2024-04-14,36.635002,24.185,30.455832,0.0,10.086427,312.70935
2024-04-15,38.285,23.785,31.001663,0.2,22.55106,285.94543
2024-04-16,38.785,24.835,32.46833,0.0,26.552288,299.99265
2024-04-17,37.385002,24.935,31.1225,0.0,29.487053,286.425
2024-04-18,39.185,25.435,32.99333,0.0,29.88217,298.95517
2024-04-19,40.085003,26.484999,32.97667,0.0,26.242987,299.1499
2024-04-20,40.535,24.585,32.32042,0.0,25.721743,280.6159
2024-04-21,38.585003,24.085,32.101665,0.0,23.664352,293.97556
2024-04-22,39.285,24.335,31.768332,0.0,12.768586,289.1115
2024-04-23,39.635002,23.785,31.90583,0.0,19.881649,310.06534
2024-04-24,39.885002,23.984999,32.357914,0.0,24.993439,304.95316
2024-04-25,40.335003,24.035,32.326668,0.0,24.535526,288.64883
2024-04-26,41.585003,24.335,34.80792,0.0,26.220753,274.30316
2024-04-27,40.235,26.435,33.303753,0.0,23.042812,277.24072
2024-04-28,41.035,25.135,33.3475,0.0,26.649727,306.59116
2024-04-29,41.435,23.585,33.149582,0.0,14.458382,285.69003
2024-04-30,40.485,23.385,32.705837,0.0,24.967497,293.17667
2024-05-01,39.435,22.685,31.434998,0.0,23.770906,307.9703
2024-05-02,36.185,22.085,29.145422,0.0,22.314192,284.5054
2024-05-03,39.135002,22.435,31.40375,0.0,21.188072,281.4529
2024-05-04,40.685,25.484999,32.835,0.0,20.466246,277.53543
2024-05-05,42.885002,25.835,34.235004,0.0,21.38897,274.85883
2024-05-06,41.135002,26.484999,33.27667,0.0,17.595861,94.71342
2024-05-07,37.885002,26.234999,30.782915,0.5,33.168877,97.99989
2024-05-08,36.335003,25.185,29.716248,1.4000001,26.319422,92.433655
2024-05-09,34.035,24.935,29.355827,1.8,23.444265,98.30957
2024-05-10,36.135002,25.335,30.787086,0.4,21.791153,94.53872
2024-05-11,35.285,25.885,30.33084,1.4,15.03835,72.83397
2024-05-12,35.335003,25.785,30.284998,1.0,26.208397,71.39106
2024-05-13,35.785,25.285,30.866243,0.0,17.294992,105.966484
2024-05-14,40.335003,24.785,33.341248,0.0,17.884428,286.9756
2024-05-15,40.535,26.635,33.537083,0.0,15.021105,279.0355
2024-05-16,41.735,25.585,33.530834,0.0,13.084402,283.3925
2024-05-17,42.085003,26.535,34.468334,0.0,18.35647,219.44403
2024-05-18,43.335003,27.935,35.537083,0.0,19.64228,239.63246
2024-05-19,44.785,27.285,35.062084,0.0,21.659916,69.00491
2024-05-20,40.735,28.035,33.843334,0.0,23.499481,98.939445
2024-05-21,39.585003,27.984999,33.703754,0.0,20.991426,99.80681
2024-05-22,39.085003,27.885,33.55375,0.0,21.841648,85.57013
2024-05-23,37.685,27.535,32.53917,0.0,22.148045,90.40511
2024-05-24,39.485,28.185,34.44958,0.0,17.731598,88.57388
2024-05-25,41.235,30.234999,36.180836,0.0,14.007655,96.20032
2024-05-26,43.185,30.984999,36.872498,0.0,15.629972,100.551765
2024-05-27,43.935,30.035,36.92458,0.0,18.043148,90.55988
2024-05-28,44.135002,28.835,35.835,0.0,19.008547,100.28978
2024-05-29,45.935,28.085,37.457912,0.0,19.878391,92.07383
2024-05-30,44.335003,31.234999,37.94958,0.0,21.24,96.70981
2024-05-31,46.285,30.385,37.66209,0.0,18.1041,211.32887
2024-06-01,43.735,29.984999,36.12458,0.0,18.35647,70.86629
2024-06-02,40.885002,28.885,34.657917,0.0,20.724247,51.15398
2024-06-03,43.335003,28.685,35.524586,0.0,22.415602,291.9486
2024-06-04,44.035,28.734999,35.21625,0.0,34.417206,71.07105
2024-06-05,42.085003,28.435,35.01833,0.0,15.778518,88.7897
2024-06-06,38.885002,28.285,33.035,1.2,24.29133,17.709824
2024-06-07,42.485,28.035,35.282913,0.0,20.288164,290.0049
2024-06-08,42.485,29.885,35.68292,0.0,19.93048,307.9761
2024-06-09,43.335003,27.185,35.670414,0.0,20.456745,301.88422
2024-06-10,43.785,27.135,37.430836,0.0,19.586119,279.65234
2024-06-11,44.535,30.734999,37.443336,0.0,20.497883,292.17627
2024-06-12,44.135002,29.135,36.582912,0.0,16.595179,304.45682
2024-06-13,45.085003,29.685,38.7475,0.0,20.808498,277.73138
2024-06-14,45.035,32.735,38.805832,0.0,23.795427,291.4979
2024-06-15,44.185,31.734999,38.074585,0.0,22.553936,287.61618
2024-06-16,45.335003,31.935,38.81625,0.0,23.667091,289.1272
2024-06-17,45.085003,31.234999,39.04958,0.0,25.071096,282.95825
2024-06-18,45.635002,32.385002,39.07458,0.0,30.928587,263.65128
2024-06-19,44.385002,30.385,37.44958,0.0,31.435646,263.42624
2024-06-20,41.185,28.285,34.314163,1.0,16.42247,114.99566
2024-06-21,39.085003,27.984999,34.297493,0.3,14.693999,131.64537
2024-06-22,38.385002,26.785,33.312084,6.5,13.397612,127.23912
2024-06-23,36.735,27.234999,32.189163,8.2,14.04,108.14806
2024-06-24,38.685,26.885,33.11625,15.1,15.137133,80.36254
2024-06-25,36.235,26.885,32.780834,6.8999996,22.380884,103.455246
2024-06-26,35.485,25.685,31.124586,11.6,20.929596,103.46979
2024-06-27,36.135002,26.185,31.395416,9.499999,21.068459,93.50056
2024-06-28,34.635002,26.285,30.676668,3.1000001,14.345898,76.75174
2024-06-29,31.785,26.185,28.974579,8.599999,12.758432,209.24873
2024-06-30,32.935,25.385,28.345415,19.3,11.720751,210.00348
2024-07-01,30.835,25.734999,27.782911,56.300003,14.264361,230.59526
2024-07-02,29.935,26.035,27.145416,79.40001,10.308831,176.66621
2024-07-03,28.685,25.685,27.403746,25.4,11.298495,162.99706
2024-07-04,32.135002,25.734999,28.797499,9.300001,9.904906,102.765564
2024-07-05,30.734999,25.734999,27.184998,42.999996,15.349684,134.81961
2024-07-06,31.435,25.935,27.534998,30.200003,17.114204,163.90404
2024-07-07,30.135,25.585,27.180834,11.2,16.279802,157.32074
2024-07-08,32.085003,25.585,29.20167,0.6,13.217443,100.213905
2024-07-09,33.185,26.635,30.064163,5.6000004,7.729527,106.434235
2024-07-10,34.785,26.085,30.089167,14.700001,10.594036,209.74477
2024-07-11,32.485,26.135,29.626665,6.399999,14.20062,236.78131
2024-07-12,34.285,25.935,29.762083,2.9999998,12.904882,155.3045
2024-07-13,32.385002,25.785,28.628746,12.700002,12.096214,49.185463
2024-07-14,33.035,25.935,29.674583,15.900001,16.263872,83.77777
2024-07-15,33.785,25.785,30.697502,0.70000005,20.192118,95.243935
2024-07-16,34.885002,28.085,31.235003,0.3,22.218153,100.363
2024-07-17,32.485,27.835,30.210001,2.5,18.947083,95.76186
2024-07-18,35.235,27.135,30.753748,4.4,13.979871,87.24565
2024-07-19,33.435,27.035,29.543333,4.9999995,16.965895,94.68038
2024-07-20,35.185,27.635,31.414167,0.70000005,14.869351,80.96062
2024-07-21,34.235,28.234999,30.9225,0.8,19.296133,94.50881
2024-07-22,33.035,26.935,29.972496,11.499999,16.575644,84.71567
2024-07-23,33.135002,26.835,29.62458,4.5,17.339897,94.78246
2024-07-24,33.135002,26.335,29.50583,5.5999994,14.044615,76.417046
2024-07-25,33.085003,26.585,29.453745,15.500001,13.1041975,92.690704
2024-07-26,32.935,26.685,29.46833,23.2,13.910169,97.926865
2024-07-27,33.235,27.135,30.907919,3.6,19.803272,69.20789
2024-07-28,34.535,28.435,30.935,0.2,25.582806,88.69453
2024-07-29,34.785,28.234999,31.466242,1.6,18.58451,99.290375
2024-07-30,35.085003,26.935,30.614166,14.3,13.363711,119.3008
2024-07-31,31.984999,25.935,28.226667,11.1,12.879752,98.688354
2024-08-01,32.535,26.234999,28.820412,7.4,10.799999,115.76236
2024-08-02,32.235,25.685,29.218332,2.6999998,13.679999,89.81369
2024-08-03,32.085003,26.435,28.274576,3.3999996,29.655787,66.217964
2024-08-04,32.335003,26.185,28.73083,2.2999997,37.705597,107.535995
2024-08-05,32.685,26.135,29.301666,0.8,12.864649,185.69914
2024-08-06,31.335,26.135,28.724585,4.6,13.722565,191.26414
2024-08-07,31.385,25.234999,27.741247,17.800001,11.609651,109.49904
2024-08-08,31.135,25.135,27.966253,23.3,10.195057,115.185486
2024-08-09,28.535,25.085,26.230833,28.100002,9.904906,237.57234
2024-08-10,30.885,24.935,27.224579,21.8,9.726665,182.748
2024-08-11,31.135,24.585,27.737083,7.599999,10.308831,160.69456
2024-08-12,31.484999,25.585,28.039164,6.5999994,11.681987,156.1843
2024-08-13,32.235,25.585,28.545418,14.8,10.966713,141.23116
2024-08-14,31.935,25.835,28.168333,9.900002,11.367109,127.143456
2024-08-15,33.285,26.085,29.22875,4.3,11.119281,146.38202
2024-08-16,33.335003,26.335,28.91208,6.4999995,15.986595,118.30917
2024-08-17,33.085003,26.234999,29.307915,4.7,7.4128532,215.21768
2024-08-18,29.484999,25.685,27.364166,8.200002,9.659814,142.15776
2024-08-19,31.885,25.035,27.824577,18.4,13.53236,271.61804
2024-08-20,30.935,24.935,27.403748,4.8999996,11.983188,105.28336
2024-08-21,30.685,24.685,27.27458,12.4,10.086427,127.89757
2024-08-22,30.835,24.984999,27.789167,7.1000004,7.4128532,127.38536
2024-08-23,31.835,25.035,28.072496,1.5000001,14.264361,48.908665
2024-08-24,31.835,25.585,28.135,13.000001,25.40743,92.05611
2024-08-25,32.435,25.335,28.578745,1.2,22.884789,106.67207
2024-08-26,31.734999,25.285,28.199583,7.7,19.469975,102.94119
2024-08-27,30.484999,25.085,27.107918,9.900002,20.008356,95.538994
2024-08-28,29.135,24.685,26.341248,6.2000003,17.673029,153.80328
2024-08-29,32.385002,24.785,28.589165,2.0,7.771331,181.46884
2024-08-30,32.685,25.385,28.584997,11.3,10.966713,299.30988
2024-08-31,33.535,25.335,29.6475,6.2999997,7.7043357,309.10645
2024-09-01,32.535,26.285,28.726667,9.8,15.876775,90.35721
2024-09-02,32.485,26.484999,28.932915,0.3,19.881649,89.739555
2024-09-03,33.335003,26.535,29.857912,0.8,15.315873,101.63897
2024-09-04,32.685,25.234999,28.282913,2.2,9.028754,127.14685
2024-09-05,31.484999,24.984999,27.38708,9.1,15.124284,128.3162
2024-09-06,31.435,24.984999,27.943329,0.8000001,16.1198,101.722496
2024-09-07,32.735,25.285,29.199583,2.9,13.493999,63.435013
2024-09-08,33.535,25.285,29.651665,1.4000001,9.957108,309.5424
2024-09-09,32.635002,25.935,28.71833,6.4999995,9.422101,58.034588
2024-09-10,32.085003,26.285,29.132914,29.400002,18.36353,69.58312
2024-09-11,30.385,25.885,27.499582,34.600002,28.856194,101.74736
2024-09-12,28.835,25.535,26.632912,56.999996,31.367548,151.689
2024-09-13,31.685,23.535,27.422503,0.6,19.164717,248.91951
2024-09-14,30.335,24.135,26.88083,0.1,16.516901,290.7723
2024-09-15,31.385,24.085,28.062082,0.8000001,17.447933,296.7474
2024-09-16,31.484999,25.135,28.164162,0.1,11.435313,293.48135
2024-09-17,27.885,24.535,25.882914,30.6,25.683926,39.545704
2024-09-18,31.484999,25.285,28.007914,2.3999999,31.394394,110.67913
2024-09-19,31.984999,23.635,27.566252,0.0,9.983106,200.40028
2024-09-20,31.935,23.385,27.707914,0.0,8.209263,252.95712
2024-09-21,32.335003,24.585,28.63083,0.0,7.8954163,276.41867
2024-09-22,34.335003,25.234999,29.716248,0.0,9.693296,290.26898
2024-09-23,34.735,25.935,30.026659,0.0,7.0911775,275.65134
2024-09-24,33.885002,26.435,30.09958,0.7,14.417988,102.57891
2024-09-25,32.085003,25.635,28.007912,4.6,20.583847,86.00497
2024-09-26,29.734999,24.484999,26.407911,6.5,23.510508,84.33338
2024-09-27,27.785,24.435,25.559998,22.2,12.768586,122.464645
2024-09-28,29.335,24.484999,25.99958,13.7,10.759423,122.61657
2024-09-29,30.135,23.885,26.443335,8.699999,9.703319,178.991
2024-09-30,31.635,23.835,27.930832,1.0,12.156331,277.1314
2024-10-01,32.535,24.734999,28.476664,0.1,15.539537,273.87265
2024-10-02,33.635002,23.935,28.512083,0.0,17.57744,287.72147
2024-10-03,33.585003,23.484999,28.587084,0.0,9.807935,291.68802
2024-10-04,33.085003,24.185,28.320412,0.6,12.0653715,247.61076
2024-10-05,32.635002,23.835,28.035002,0.3,9.931042,26.564945
2024-10-06,31.135,24.285,27.30166,0.70000005,14.224556,84.80567
2024-10-07,30.535,22.035,26.501665,5.6,15.683776,96.234344
2024-10-08,31.135,23.685,27.6475,0.8,6.015878,254.96216
2024-10-09,31.435,22.535,26.91833,0.0,9.904906,257.48868
2024-10-10,31.484999,22.285,27.107912,0.0,10.873252,272.58463
2024-10-11,31.734999,22.234999,26.651665,0.0,14.81259,287.09213
2024-10-12,31.335,21.885,26.495417,0.0,9.867218,282.05072
2024-10-13,30.585,21.484999,26.534998,0.0,9.726665,259.43307
2024-10-14,30.234999,22.285,26.266245,0.0,8.891343,256.26974
2024-10-15,31.385,20.335,25.541246,0.0,14.05845,268.85208
2024-10-16,31.535,20.234999,25.712082,0.0,9.144637,234.6229
2024-10-17,31.585,21.484999,26.320414,0.0,7.928177,209.00244
2024-10-18,31.785,21.385,26.243334,0.0,10.644379,239.80434
2024-10-19,32.585003,21.085,26.74333,0.0,10.8029995,241.63885
2024-10-20,32.785,21.984999,26.691248,0.0,9.6480665,181.24802
2024-10-21,32.135002,21.935,26.570412,0.0,9.278297,114.79141
2024-10-22,32.185,21.385,26.189165,0.0,10.735306,333.07523
2024-10-23,32.035,20.335,26.203749,0.0,8.435069,318.80704
2024-10-24,31.835,21.385,26.832914,0.0,10.383987,73.73674
2024-10-25,30.835,22.484999,26.52875,0.1,10.825469,117.166664
2024-10-26,30.835,21.335,25.997503,0.0,8.61371,130.81009
2024-10-27,30.835,21.135,26.676664,0.3,7.579261,53.130035
2024-10-28,31.135,22.535,26.814161,0.70000005,6.59154,344.92075
2024-10-29,31.835,21.835,26.676664,0.0,7.928178,272.33264
2024-10-30,32.385002,21.484999,27.072502,0.0,9.178235,240.88826
2024-10-31,33.085003,20.535,26.649582,0.0,13.896187,274.67825
2024-11-01,32.085003,19.135,24.549585,0.0,12.267762,281.9761
2024-11-02,30.935,17.984999,24.347498,0.0,11.132385,197.62112
2024-11-03,30.835,18.185,24.559998,0.0,8.459999,230.19446
2024-11-04,30.435,18.685,24.637083,0.0,9.243311,326.59216
2024-11-05,29.285,20.185,24.555832,0.0,6.9527545,33.549797
2024-11-06,30.635,21.035,25.476667,0.0,7.072878,317.44708
2024-11-07,29.585,21.285,25.066248,0.0,8.067936,237.13425
2024-11-08,28.984999,20.335,24.974585,0.3,6.391901,190.52072
2024-11-09,29.285,19.885,24.399582,0.0,7.1321807,181.95647
2024-11-10,29.835,19.484999,24.534996,0.0,7.7420926,240.75528
2024-11-11,29.984999,19.335,24.303743,0.0,7.8149853,223.41043
2024-11-12,29.935,19.234999,24.728746,0.0,11.555103,254.57983
2024-11-13,30.685,19.085,24.516249,0.0,12.061341,274.47818
2024-11-14,29.685,18.335,23.585,0.0,11.555102,290.57877
2024-11-15,29.385,17.885,23.507914,0.0,14.178928,276.9704
2024-11-16,28.835,17.885,23.387083,0.0,11.901798,280.31476
2024-11-17,29.185,17.635,23.337082,0.0,13.929953,292.96576
2024-11-18,28.685,18.185,23.06,0.0,8.37532,317.60956
2024-11-19,26.835,15.435,21.045412,0.0,10.703569,289.29654
2024-11-20,24.984999,14.335,19.685,0.0,5.720489,271.74524
2024-11-21,25.285,14.085,19.476664,0.0,5.8104043,254.37703
2024-11-22,25.785,14.135,20.126667,0.0,7.8954163,269.18927
2024-11-23,25.984999,14.685,20.35375,0.0,7.6579366,259.8754
2024-11-24,26.785,14.735001,21.020414,0.0,11.367109,266.52884
2024-11-25,26.984999,15.735001,21.212084,0.0,11.811622,283.94324
2024-11-26,26.335,14.885,20.214167,0.0,12.10157,285.61942
2024-11-27,25.635,14.235001,19.582916,0.0,9.102021,294.7057
2024-11-28,25.585,13.485001,19.374582,0.0,6.302571,335.89774
2024-11-29,25.085,13.135,18.826666,0.0,7.928178,303.63672
2024-11-30,24.935,12.385,18.857916,0.0,7.229191,282.76413
2024-12-01,25.285,13.785001,19.3975,0.0,7.8954163,264.5801
2024-12-02,25.935,13.835,19.947496,0.0,6.452441,256.67545
2024-12-03,26.635,13.785001,20.087082,0.0,11.003581,274.88422
2024-12-04,26.335,14.435,19.92875,0.0,12.466867,272.86038
2024-12-05,25.135,13.135,18.7475,0.0,15.861461,278.73706
2024-12-06,23.734999,12.335,17.943335,0.0,14.897651,273.49414
2024-12-07,23.835,11.535001,17.789165,0.0,8.39078,14.208997
2024-12-08,23.635,12.635,18.132917,0.0,11.903159,86.37569
2024-12-09,24.285,11.985001,18.001663,0.0,9.595874,328.41412
2024-12-10,22.285,10.535001,16.074583,0.0,13.379461,279.9834
2024-12-11,21.085,9.535001,14.84333,0.0,9.781473,276.57538
2024-12-12,21.385,8.785001,14.868331,0.0,11.885453,274.63535
2024-12-13,21.835,8.935,14.822499,0.0,14.05845,268.10928
2024-12-14,19.885,8.685,14.1225,0.0,9.080639,269.12643
2024-12-15,21.335,7.535,14.884999,0.0,7.491114,307.55203
2024-12-16,22.835,9.385,16.076666,0.0,6.542201,285.09055
2024-12-17,23.385,9.785001,16.722498,0.0,7.0223074,283.1632
2024-12-18,23.135,11.185,16.739166,0.0,6.778141,290.34998
2024-12-19,23.435,10.485001,16.887081,0.0,6.7565966,71.82
2024-12-20,23.835,10.985001,17.026667,0.0,7.2,321.6838
2024-12-21,24.035,10.085,16.957918,0.0,8.891343,294.5184
2024-12-22,23.185,10.735001,16.714165,0.0,8.139901,349.26114
2024-12-23,23.685,11.135,17.964165,1.1,10.957847,70.3258
2024-12-24,20.385,14.335,16.685001,3.0,12.431733,43.25212
2024-12-25,22.835,14.035001,17.964165,0.0,7.282774,298.49078
2024-12-26,24.234999,13.585,18.530832,0.0,5.904439,338.45892
2024-12-27,25.585,13.835,19.651665,0.0,11.885453,96.92715
2024-12-28,22.335,14.035001,17.991247,0.5,16.507088,113.91042
2024-12-29,22.685,13.035001,17.085001,0.3,12.295462,274.7106
2024-12-30,20.734999,9.385,15.049584,0.0,11.481968,280.6837
2024-12-31,18.234999,9.235001,13.828751,0.0,8.383054,288.58875
2025-01-01,17.685,8.885,12.6954155,0.0,10.694485,280.63138
2025-01-02,18.435,9.135,13.262084,0.0,7.9465466,281.68933
2025-01-03,19.984999,8.735001,13.220417,0.0,6.9899354,296.56494
2025-01-04,18.285,8.035001,12.268334,0.0,3.3092597,357.32822
2025-01-05,17.785,7.8849998,12.451667,0.0,6.77575,85.77569
2025-01-06,19.785,9.285001,13.785001,0.0,9.781473,290.7892
2025-01-07,19.835,9.685,13.676667,0.0,13.934604,277.04382
2025-01-08,18.234999,8.585,12.822501,0.0,11.157096,254.64784
2025-01-09,19.285,8.135,13.52875,0.0,5.6060677,74.51577
2025-01-10,18.685,7.835,13.055835,0.0,4.1556225,46.79419
2025-01-11,20.185,8.185,14.639165,0.0,12.093535,97.86271
2025-01-12,19.585,9.985001,14.668332,0.4,12.409561,55.075424
2025-01-13,20.785,9.785001,15.078748,0.0,9.885262,271.3558
2025-01-14,20.535,9.235001,14.670418,0.0,6.489992,264.95172
2025-01-15,20.085,9.035001,13.822499,0.0,6.5049515,60.139175
2025-01-16,18.984999,9.185,14.047498,0.3,10.662626,326.82443
2025-01-17,21.234999,9.835,14.784999,0.0,10.03167,277.40018
2025-01-18,20.135,9.735001,14.051663,0.0,10.564942,274.76355
2025-01-19,21.785,9.335,15.787084,0.0,12.785069,275.09286
2025-01-20,23.885,13.185,18.055832,0.0,14.345898,276.42767
2025-01-21,23.484999,12.585,17.295416,0.0,12.601285,272.09888
2025-01-22,23.635,11.935,16.74125,0.0,8.656858,281.4952
2025-01-23,23.785,11.135,17.068335,0.0,9.3962755,296.46765
2025-01-24,21.984999,11.385,16.105833,0.0,14.068816,270.3624
2025-01-25,21.285,10.535001,15.291249,0.0,11.098865,272.74146
2025-01-26,21.035,9.835,14.609998,0.0,6.5693827,282.60977
2025-01-27,20.935,8.485001,14.518334,0.0,9.668195,279.20932
2025-01-28,21.885,9.785001,15.255834,0.0,8.12197,286.57883
2025-01-29,21.935,9.635,15.65375,0.0,7.1208143,88.47066
2025-01-30,23.734999,10.485001,16.984999,0.0,9.0,318.41275
2025-01-31,25.085,10.935,18.222502,0.0,8.797931,356.07404
2025-02-01,25.685,13.385,19.099583,0.0,8.473393,57.147373
2025-02-02,25.835,13.285001,19.366251,0.0,12.295462,294.33206
2025-02-03,24.685,13.235001,18.272497,0.0,12.168319,285.9041
2025-02-04,26.085,13.485001,20.09125,0.0,11.038858,314.67676
2025-02-05,26.335,12.985001,19.50583,0.0,15.543706,294.85382
2025-02-06,23.835,11.835,17.243334,0.0,16.418526,284.44095
2025-02-07,22.435,10.685,16.410004,0.0,16.818203,267.36005
2025-02-08,23.385,10.835,17.178747,0.0,11.16145,273.85336
2025-02-09,26.035,11.585,18.851667,0.0,10.805999,276.00027
2025-02-10,27.185,12.385,19.947498,0.0,10.920824,268.98337
2025-02-11,28.185,14.735001,21.120413,0.0,14.145756,280.75204
2025-02-12,28.234999,15.135,21.526667,0.0,16.85669,287.79272
2025-02-13,24.885,14.235001,19.16833,0.0,19.60761,277.97058
2025-02-14,25.285,12.935,19.253748,0.0,18.844202,271.81247
2025-02-15,27.585,13.385,20.689163,0.0,9.939196,313.29028
2025-02-16,28.385,14.435,21.670416,0.0,8.12197,48.6523
2025-02-17,28.535,15.235001,22.039167,0.0,9.144637,293.9625
2025-02-18,28.185,16.085,21.639166,0.0,12.125642,278.44025
2025-02-19,28.135,14.535001,21.976664,0.0,9.403169,293.1282
2025-02-20,29.035,16.285,22.151665,0.0,12.7279215,82.16839
2025-02-21,29.234999,16.285,22.714163,0.0,12.031756,320.9916
2025-02-22,26.685,16.185,20.976664,0.0,13.1412325,286.89813
2025-02-23,25.935,15.135,20.324581,0.0,10.661107,282.04697
2025-02-24,27.035,14.435,20.901665,0.0,10.004178,284.44907
2025-02-25,27.734999,14.235001,21.30375,0.0,9.499157,269.18155
2025-02-26,28.935,15.735001,22.651665,0.0,11.003581,255.7115
2025-02-27,30.435,16.734999,23.90583,0.0,14.230248,350.87717
2025-02-28,30.984999,19.635,24.755835,0.0,15.876775,102.36445
2025-03-01,28.385,18.035,22.832914,0.0,17.747124,44.05057
2025-03-02,29.635,16.785,23.151663,0.0,17.25373,299.659
2025-03-03,28.785,15.235001,22.56,0.0,17.758074,267.59305
2025-03-04,29.885,16.835,22.982916,0.0,17.23588,293.91168
2025-03-05,24.734999,15.235001,19.526667,0.0,22.253124,278.40186
2025-03-06,25.685,13.285001,19.62458,0.0,14.512064,276.821
2025-03-07,13.385,13.385,19.62458,0.0,3.5864744,276.821
